Code,Name,Status,Version,Select,Tags,Description,Logic Detail,Restrictions,Notes,Entity,Label,Last modified by,Created By
FN.COMPARE_ADD,Добавление товара в список сравнения,Finished,1.1,,Сравнение,Товар добавляется в список сравнения своей категории,"1. Определить товар (если добавление с карточки оффера — товар этого оффера)
2. Определить категорию товара
3. Найти список сравнения пользователя для категории
4. Добавить товар в список","1. Товар в списке уникален
2. Не более 20 товаров в списке",,OBJ.CMPLST,,Анна Морозова,Анна Морозова
FN.COMPARE_LIST_CREATE,Создание списка сравнения,Finished,1.0,,Сравнение,"Создаёт список сравнения для категории, если его ещё нет","Список создаётся при добавлении первого товара категории.
Имя списка = имени категории",Список не может быть пустым,,OBJ.CMPLST,,Анна Морозова,Анна Морозова
FN.COMPARE_CATEGORY_DEFINE,Определение категории для сравнения,Finished,1.0,,Сравнение,"Определяет, в какой список сравнения попадёт товар",Берётся основная категория товара 3-го уровня,Только категории 3-го уровня (без дочерних),,ENT.CATEGORY,,Илья Карпов,Илья Карпов
FN.COMPARE_PRICE_SAVE,Сохранение цены товара в сравнении,Finished,1.1,,"Сравнение, Цены","Фиксирует цену, с которой товар добавлен в сравнение","1. С карточки товара — цена основного оффера (VW.CHOOSE_OFFER_PRICE_PRODUCT)
2. С карточки оффера — цена этого оффера",,,ENT.OFFER,,Анна Морозова,Анна Морозова
FN.MAIN_OFFER_DEFINE,Определение основного оффера,Finished,2.0,,Цены,"Выбирает оффер, который показывается на карточке товара",Оффер «в наличии» в ближайшем к пользователю магазине/складе. Расстояние — по прямой,Оффер должен быть в статусе «В наличии»,,"ENT.OFFER, ENT.STORE",,Павел Орлов,Мария Соколова
FN.COMPARE_REMOVE,Удаление товара из сравнения,Draft,0.9,,Сравнение,Пользователь убирает товар из списка сравнения,"1. Товар удаляется из списка
2. Если список стал пустым — список удаляется",,,OBJ.CMPLST,,Анна Морозова,Анна Морозова
FN.CART_ADD,Добавление товара в корзину,Finished,1.3,,Корзина,Добавляет выбранный оффер в корзину пользователя,Если оффер уже в корзине — увеличивается количество,Нельзя добавить оффер со статусом «Распродано»,,ENT.CART,,Мария Соколова,Мария Соколова
FN.CART_QTY_CHANGE,Изменение количества товара в корзине,Finished,1.2,,Корзина,Изменяет количество штук позиции корзины,Количество меняется в большую и меньшую сторону,"1. Не больше остатка магазина
2. Минимум — 1 штука",,ENT.CART,,Мария Соколова,Илья Карпов
FN.CITY_DEFINE,Определение города пользователя,Finished,2.0,,Профиль,Определяет город для доставки и подбора ассортимента,"1. Город из профиля
2. Если нет — из cookies
3. Если нет — по IP
4. Если не удалось — выбор из списка",Пользователь в любой момент может сменить город,,ENT.CITY,,Илья Карпов,Илья Карпов
FN.PROMO_APPLY,Применение промокода,Feedback,1.0,,Заказы,Пересчитывает сумму заказа с учётом промокода,"Скидка применяется к товарам, подходящим под условия промокода","1. Один промокод на заказ
2. Промокод не суммируется с акциями",,ENT.PROMOCODE,,Павел Орлов,Павел Орлов
FN.PRICE_SUBSCRIBE,Подписка на снижение цены,Draft,0.5,,Уведомления,Пользователь подписывается на уведомление о снижении цены товара,При снижении цены основного оффера отправляется уведомление,Не более 50 подписок на пользователя,,ENT.PRICE_SUBSCRIPTION,,Илья Карпов,Илья Карпов
FN.AUTH_REQUIRED,Проверка аутентификации,Finished,1.0,,Профиль,"Проверяет, аутентифицирован ли пользователь перед действием","Если нет — показывается окно аутентификации, после входа действие продолжается",,,,,Илья Карпов,Илья Карпов
