CODE,Name,Status,Version,View client: Web application,View client: Mobile application,Front-end logic,Created by,Дата последнего изменения
VW.CHOOSE_OFFER_PRICE_PRODUCT,Логика выбора оффера для отображения на карточке товара,Finished,1.0,-,-,"Для товара определяется «Основной оффер» (атрибут main_offer). Это оффер «в наличии» в ближайшем для Пользователя магазине/складе. Расстояние определяется по прямой между локацией Пользователя и магазина/склада, где оффер есть «в наличии».",Vladimir S,17/2/2026
VW.COMPARE_BUTTON,Кнопка «Сравнить» на карточке,Finished,1.1,"Display
Иконка «весы» рядом с кнопкой «В корзину».
Состояния: не добавлен / добавлен","Display
Иконка «весы» в шапке карточки","Активное состояние, если товар уже в списке сравнения",Анна Морозова,04/3/2026
VW.COMPARE_ADDED_TOAST,Товар добавлен к сравнению,Finished,1.0,"Display
Тост «Товар добавлен к сравнению» + ссылка «Перейти к списку»","Display
Тост внизу экрана",Показывается 4 секунды,Анна Морозова,04/3/2026
VW.COMPARE_ALREADY_ADDED,Товар уже в сравнении,Finished,1.0,"Display
«Этот товар уже есть в сравнении»",То же,,Анна Морозова,04/3/2026
VW.COMPARE_LIST_FULL,Список сравнения заполнен,Finished,1.0,"Display
«В сравнении уже 20 товаров. Удалите лишние, чтобы добавить новый»
Кнопка «Перейти к списку»",То же,,Анна Морозова,04/3/2026
VW.COMPARE_LIST,Страница списка сравнения,In progress,1.0,"Display
- Вкладки по категориям
- Таблица характеристик
- Переключатель «Только различия»","Display
Горизонтальный скролл карточек",Порядок товаров — по дате добавления,Анна Морозова,12/4/2026
VW.AUTH_WINDOW,Окно аутентификации,Finished,2.1,"Display
Поле телефона, кнопка «Получить код»",То же,После входа пользователь возвращается к прерванному действию,Илья Карпов,20/1/2026
VW.CITY_LIST,Список городов,Finished,1.2,"Display
1. Строка поиска
2. Популярные города
3. Все города по алфавиту",То же,,Илья Карпов,15/12/2025
VW.CART_ITEM_UNAVAILABLE_TAG,Тег: товар больше нельзя купить,Finished,3.0,"Logic
Сообщить пользователю, что статус товара изменился и его нельзя заказать",То же,,Мария Соколова,02/2/2026
VW.PROMO_FIELD,Поле ввода промокода,Feedback,1.0,"Display
Поле + кнопка «Применить», текст ошибки под полем",То же,,Павел Орлов,10/4/2026
VW.PRICE_SUBSCRIBE_BUTTON,Кнопка «Следить за ценой»,Draft,0.5,"Display
Кнопка-колокольчик на карточке товара",То же,,Илья Карпов,22/4/2026
VW.REVIEW_FORM,Форма отзыва,Feedback,1.0,"Display
Оценка звёздами 1–5, текст до 2000 символов, до 5 фото",То же,,Анна Морозова,18/3/2026
